date,open,high,low,close,volume,turnover
2021-03-23,254.000,256.600,251.600,252.000,14625056,3701595179.000
2021-03-24,254.200,254.200,249.400,250.800,5534503,1390278854.000
2021-03-25,228.000,231.000,222.000,226.600,10107908,2301255113.000
2021-03-26,206.000,220.200,200.400,214.000,37316476,7912787534.000
2021-03-29,211.000,215.000,203.200,203.400,27790589,5794203246.000
2021-03-30,202.000,210.600,200.800,201.800,20828834,4280948067.000
2021-03-31,214.000,214.800,211.400,213.000,8981228,1918290334.000
2021-04-01,213.600,219.800,213.000,218.200,13225943,2861034671.000
2021-04-07,222.000,224.000,218.000,221.400,7242809,1599582877.000
2021-04-08,216.600,219.000,216.000,218.600,7661835,1668212576.000
2021-04-09,221.400,221.600,216.200,218.000,3480738,759518596.000
2021-04-12,214.000,215.400,208.200,210.000,4861127,1022546980.000
2021-04-13,209.400,211.200,205.000,205.400,2742774,569203994.000
2021-04-14,210.000,213.000,208.400,212.000,2093476,442314343.000
2021-04-15,214.000,214.000,208.200,210.400,2087919,437343108.000
2021-04-16,205.000,207.600,204.200,207.000,3916180,806383457.000
2021-04-19,207.000,212.600,206.200,210.600,3178357,670312141.000
2021-04-20,205.000,206.200,204.200,205.200,4367169,895901950.000
2021-04-21,202.200,202.800,200.600,201.600,4418859,891230722.000
2021-04-22,206.200,208.600,206.000,208.000,2343952,486628880.000
2021-04-23,208.000,211.800,206.800,210.400,2065720,432323915.000
2021-04-26,213.400,218.800,211.800,214.600,4185243,904181471.000
2021-04-27,210.400,211.200,209.200,211.200,2163966,454982023.000
2021-04-28,210.200,213.400,210.200,211.800,2269223,480864595.000
2021-04-29,210.600,211.800,208.400,210.800,1988469,418101997.000
2021-04-30,207.000,207.000,205.000,205.800,2668710,549133538.000
2021-05-03,205.000,206.200,203.600,204.400,1127177,230482093.000
2021-05-04,201.000,201.800,200.400,201.400,3178978,639144544.000
2021-05-05,196.000,196.000,193.900,194.300,6017056,1170540719.000
2021-05-06,189.500,190.700,187.000,189.700,5581742,1052847776.000
2021-05-07,186.800,188.300,184.600,185.500,4579046,853074322.000
2021-05-10,185.000,187.200,181.600,183.000,3418866,627144283.000
2021-05-11,178.400,178.400,170.600,176.600,5337123,932862576.000
2021-05-12,182.400,185.900,182.100,184.000,4175374,768420366.000
2021-05-13,180.000,180.000,177.900,178.800,2928869,524024970.000
2021-05-14,176.000,176.500,172.400,176.100,3322294,579894994.000
2021-05-17,182.500,185.100,181.700,183.000,3426291,629892200.000
2021-05-18,188.000,189.600,185.500,186.700,2735997,513337738.000
2021-05-20,185.000,186.700,182.800,186.000,3891474,718815089.000
2021-05-21,189.900,190.900,188.100,188.700,3611739,684329794.000
2021-05-24,183.900,185.000,181.300,184.000,3046499,558545229.000
2021-05-25,185.100,188.500,184.500,187.400,3200970,599004502.000
2021-05-26,189.300,191.300,188.500,189.400,3085812,587286336.000
2021-05-27,189.400,190.700,188.100,189.600,1635113,309642718.000
2021-05-28,190.800,190.800,186.400,187.800,1897293,357486843.000
2021-05-31,190.600,192.600,189.000,192.500,1926866,368267302.000
2021-06-01,194.300,197.200,193.000,195.500,3668630,718589051.000
2021-06-02,196.400,198.200,194.100,196.200,2816549,552838921.000
2021-06-03,192.000,192.500,189.700,190.500,3526495,672868869.000
2021-06-04,183.300,185.800,182.100,184.600,5813096,1072306325.000
2021-06-07,187.700,188.500,185.000,185.200,1782928,332387086.000
2021-06-08,185.000,185.000,182.400,184.200,1295985,237754771.000
2021-06-09,182.400,183.800,182.400,183.700,1077474,197123228.000
2021-06-10,182.300,183.700,181.800,182.500,1675843,306215402.000
2021-06-11,184.000,185.300,183.000,183.100,1307653,240293117.000
2021-06-15,186.000,186.500,183.000,183.600,2134072,393157842.000
2021-06-16,182.000,182.300,179.500,180.600,2354678,425349371.000
2021-06-17,180.200,181.000,179.300,179.800,1619993,291772204.000
2021-06-18,181.100,181.600,178.900,181.400,2533909,457703927.000
2021-06-21,181.100,181.700,179.100,181.000,1568180,283157681.000
2021-06-22,180.900,180.900,178.900,179.000,1502536,269951420.000
2021-06-23,180.800,184.400,180.800,182.700,2333839,427125301.000
2021-06-24,184.100,185.800,183.000,185.000,1522560,281457989.000
2021-06-25,187.100,192.400,187.100,190.500,3636442,694619061.000
2021-06-28,190.500,197.800,190.500,196.700,2593679,509641140.000
2021-06-29,198.000,198.600,196.000,197.200,4551388,896324776.000
2021-06-30,199.700,200.000,197.800,199.400,3503972,699007970.000
2021-07-02,196.000,196.000,191.200,193.300,3463290,667673028.000
2021-07-05,188.300,190.000,183.000,185.300,4878188,903791779.000
2021-07-06,186.400,186.700,184.300,185.900,1889946,350713066.000
2021-07-07,183.000,183.000,180.000,181.900,3692741,668549367.000
2021-07-08,177.100,178.000,172.200,173.500,6912480,1204309207.000
2021-07-09,170.600,175.300,170.400,174.400,4632609,802241441.000
2021-07-12,177.000,177.000,173.000,175.000,2074244,362665890.000
2021-07-13,177.700,183.000,175.700,180.800,4318000,781121011.000
2021-07-14,180.600,181.000,178.500,179.500,2165095,389121128.000
2021-07-15,177.000,179.700,175.900,178.600,2964145,528793527.000
2021-07-16,179.100,181.000,178.200,179.300,1258399,226191167.000
2021-07-19,175.000,175.000,171.300,172.500,3496490,601883453.000
2021-07-20,174.000,174.000,171.200,171.900,1468205,252965812.000
2021-07-21,174.800,174.800,170.600,172.100,2033385,349855783.000
2021-07-22,174.500,176.400,174.000,175.400,1720171,301360705.000
2021-07-23,174.000,174.000,171.100,171.800,1489191,256433912.000
2021-07-26,168.500,168.500,160.000,160.000,5613803,911072947.000
2021-07-27,158.500,159.200,146.400,148.300,5851198,888756179.000
2021-07-28,152.000,155.500,149.000,153.300,4944021,752402614.000
2021-07-29,163.800,165.100,160.100,164.800,4732521,770975929.000
2021-07-30,164.900,164.900,155.900,158.200,3209542,509795633.000
2021-08-02,160.900,163.100,158.500,161.600,2456307,396708400.000
2021-08-03,163.000,164.000,158.400,161.100,2893105,465965132.000
2021-08-04,161.100,164.000,158.000,161.700,1891382,306639399.000
2021-08-05,160.000,161.900,157.500,159.200,2182264,347057616.000
2021-08-06,160.000,162.100,158.400,161.000,1365432,220007753.000
2021-08-09,158.000,161.200,158.000,159.300,2431731,388334420.000
2021-08-10,164.500,164.500,160.400,164.000,2401217,390997963.000
2021-08-11,162.200,163.500,161.500,162.400,1925229,313387034.000
2021-08-12,161.000,161.500,158.100,159.000,2531375,403048746.000
2021-08-13,153.900,155.200,153.000,154.100,3469252,534674409.000
2021-08-16,149.000,149.300,144.500,146.700,5394869,791335028.000
2021-08-17,143.100,143.400,136.200,138.700,7277563,1012741790.000
2021-08-18,138.700,142.100,138.600,139.400,3638937,509709899.000
2021-08-19,140.000,140.300,135.600,136.000,3229422,444895333.000
2021-08-20,136.300,139.200,133.000,133.500,5383231,727016456.000
2021-08-23,136.500,138.500,134.200,134.600,3717960,505899741.000
2021-08-24,140.200,147.300,140.000,146.200,5368166,777813265.000
2021-08-25,152.800,153.100,149.000,149.900,2941691,443986825.000
2021-08-26,151.500,151.900,147.800,148.900,1926088,287617331.000
2021-08-27,150.900,153.700,149.800,150.500,2668206,404362034.000
2021-08-30,151.900,153.200,148.900,151.800,2447110,371548403.000
2021-08-31,149.800,152.800,147.300,152.800,3304042,497012343.000
2021-09-01,153.000,156.200,152.600,154.600,2549043,394206714.000
2021-09-02,159.200,165.000,159.200,163.200,5958570,970595142.000
2021-09-03,161.000,161.000,157.800,158.600,4691827,745120628.000
2021-09-06,159.000,162.700,157.500,161.800,2733652,439363826.000
2021-09-07,164.000,168.500,163.000,164.600,6649376,1104711933.000
2021-09-08,165.000,166.000,162.600,163.600,6042179,992972594.000
2021-09-09,158.100,158.200,155.000,156.000,7184683,1125246080.000
2021-09-10,160.300,163.000,158.100,162.100,3281470,531404192.000
2021-09-13,160.000,161.300,155.700,157.500,3407186,537897980.000
2021-09-14,159.300,160.500,154.300,156.000,2569162,403960594.000
2021-09-15,157.000,157.600,153.700,154.100,2925226,455030043.000
2021-09-16,157.300,158.000,153.600,155.400,2756698,427762754.000
2021-09-17,153.600,162.500,153.600,159.100,21774380,3474484163.000
2021-09-20,158.600,158.600,155.500,156.400,4453948,699202673.000
2021-09-21,150.800,153.600,149.600,153.400,5330028,808486956.000
2021-09-23,158.000,160.300,155.500,156.500,2937025,462676503.000
2021-09-24,156.000,157.900,154.000,154.800,2272208,354376949.000
2021-09-27,153.000,155.400,151.600,153.200,2859597,438008610.000
2021-09-28,152.200,154.400,150.600,153.300,2818888,430409619.000
2021-09-29,150.000,151.700,148.100,151.400,2319722,348771010.000
2021-09-30,150.000,150.000,146.500,148.400,1686744,250195520.000
2021-10-04,149.800,149.800,145.600,145.900,1561317,229143503.000
2021-10-05,141.300,144.100,141.100,143.800,2263234,323388965.000
2021-10-06,147.000,147.000,142.600,143.300,2072973,298626088.000
2021-10-07,147.100,150.700,145.200,150.300,2648281,394988881.000
2021-10-08,151.600,153.400,150.500,152.900,2055927,312662832.000
2021-10-11,156.400,164.400,156.400,162.700,4707482,762166713.000
2021-10-12,159.100,159.800,155.600,156.200,2673572,419957582.000
2021-10-15,159.300,162.200,158.100,161.000,3469246,556701894.000
2021-10-18,161.000,167.900,157.000,167.700,5367935,873774275.000
2021-10-19,167.000,170.000,164.500,169.300,6595171,1109507995.000
2021-10-20,174.800,178.300,173.000,177.100,7881980,1390953961.000
2021-10-21,177.000,177.000,171.800,175.500,4500738,786126773.000
2021-10-22,177.000,178.900,176.000,177.600,3185718,565779206.000
2021-10-25,173.300,175.000,171.700,172.200,2802387,484987647.000
2021-10-26,169.800,171.800,168.500,169.600,2663931,451758269.000
2021-10-27,163.000,163.700,161.100,163.100,3060291,497549287.000
2021-10-28,164.000,165.500,162.300,163.500,1147437,187806577.000
2021-10-29,163.500,163.800,161.500,162.000,1114539,180868724.000
2021-11-01,159.000,159.000,155.800,157.100,3013940,472833555.000
2021-11-02,165.700,166.600,159.800,161.900,4279365,698774300.000
2021-11-03,159.000,159.300,156.100,158.100,3572175,563112076.000
2021-11-04,162.400,164.600,161.100,162.000,1879071,305608790.000
2021-11-05,159.200,160.600,158.000,159.700,1966920,313353210.000
2021-11-08,155.500,155.900,153.000,155.900,3544774,549948767.000
2021-11-09,158.000,158.300,156.800,157.500,1375835,216514342.000
2021-11-10,156.900,161.600,155.900,161.300,1706726,271985232.000
2021-11-11,156.000,161.500,156.000,160.500,2065216,328709526.000
2021-11-12,162.000,165.700,162.000,164.800,2878682,471675376.000
2021-11-15,166.000,167.500,165.200,166.500,3981327,660372536.000
2021-11-16,167.000,169.800,164.500,168.900,2626282,441713954.000
2021-11-17,168.500,170.000,166.500,169.700,3675590,620534996.000
2021-11-18,158.000,158.400,155.100,156.400,9067490,1415702394.000
2021-11-19,151.000,153.000,149.400,151.300,4409987,666455733.000
2021-11-22,149.200,150.000,147.300,148.100,3172611,471133491.000
2021-11-23,144.200,145.500,143.300,144.600,2600910,376173874.000
2021-11-24,145.000,148.000,145.000,145.900,2582612,377811978.000
2021-11-25,146.500,153.700,146.500,152.400,4070720,615191376.000
2021-11-26,152.000,154.200,147.500,147.700,3931644,590782227.000
2021-11-29,149.000,152.700,148.300,148.800,2252656,337272403.000
2021-11-30,147.100,147.800,142.800,145.000,2968041,430963511.000
2021-12-01,146.500,149.000,146.000,147.700,2182920,322492997.000
2021-12-02,146.200,148.500,146.000,147.300,2334081,343230587.000
2021-12-03,146.600,146.600,141.000,143.000,4342567,619477853.000
2021-12-06,135.000,138.000,133.600,134.800,7028530,953668520.000
2021-12-07,145.000,148.200,141.600,148.000,5397765,784821828.000
2021-12-08,148.500,148.500,144.300,145.000,3024538,440651583.000
2021-12-09,148.900,148.900,146.000,147.200,2669056,392673143.000
2021-12-10,145.900,147.200,145.000,145.900,1920718,280204354.000
2021-12-13,146.200,148.600,144.800,145.200,2331171,341197059.000
2021-12-14,141.500,141.500,139.200,140.300,2803419,392995913.000
2021-12-15,138.900,140.300,135.900,136.500,2144992,294804198.000
2021-12-16,137.000,140.200,136.000,139.100,2403104,332453623.000
2021-12-17,138.200,138.200,136.500,137.900,4928271,678080328.000
2021-12-20,140.500,141.500,134.700,135.600,3581209,490228776.000
2021-12-21,135.200,137.100,134.100,136.600,2346053,318461836.000
2021-12-22,143.900,143.900,137.900,139.000,2016026,281628897.000
2021-12-23,139.200,141.000,137.900,138.600,1657542,230170309.000
2021-12-24,141.000,141.000,138.100,139.100,909584,126614027.000
2021-12-28,141.000,141.000,138.100,139.600,2446237,340816726.000
2021-12-29,136.600,137.500,135.500,136.700,2188375,299008763.000
2021-12-30,133.400,135.000,132.000,133.500,2390127,318811989.000
2021-12-31,145.100,146.500,144.000,144.600,3596973,522234707.000
2022-01-03,146.000,147.300,143.300,143.600,1175223,169912790.000
2022-01-04,145.800,146.800,144.200,144.900,2769847,402767052.000
2022-01-05,143.800,143.800,138.900,139.100,3869761,543217902.000
2022-01-06,140.700,142.500,139.300,142.000,2129465,300412075.000
2022-01-07,146.600,149.300,145.800,149.000,3141650,464782290.000
2022-01-10,149.700,152.400,147.500,151.800,2604588,392996459.000
2022-01-11,148.000,148.900,145.700,146.500,3433339,504141851.000
2022-01-12,152.100,156.500,151.700,155.400,5374938,828512120.000
2022-01-13,156.200,156.400,151.600,153.000,3063272,470005014.000
2022-01-14,149.000,150.100,147.200,149.900,2249191,335694395.000
2022-01-17,150.300,150.400,146.700,147.500,1991691,293945296.000
2022-01-18,149.700,150.700,146.900,147.800,3269677,486131646.000
2022-01-19,151.900,152.300,148.300,148.900,2216015,332163771.000
2022-01-20,152.000,159.300,149.500,158.300,6744776,1058678620.000
2022-01-21,159.300,160.700,155.500,159.700,5056648,802563550.000
2022-01-24,155.700,155.700,151.500,152.400,3733910,571844396.000
2022-01-25,145.900,147.700,143.500,145.700,5014669,729856857.000
2022-01-26,147.000,150.100,147.000,148.500,2404475,356662727.000
2022-01-27,145.100,145.600,141.300,142.500,4579823,653989065.000
2022-01-28,144.700,144.700,140.000,141.500,3243381,459835724.000
2022-01-31,141.900,146.300,141.100,143.800,1796835,258465986.000
2022-02-04,151.200,152.500,149.500,152.400,3203701,484724627.000
2022-02-07,152.900,154.600,151.600,153.300,1713450,261937808.000
2022-02-08,152.200,152.900,149.300,150.400,1696309,255841016.000
2022-02-09,156.500,159.300,155.000,157.500,3702834,584013850.000
2022-02-10,160.000,161.200,158.200,159.800,1620263,258402589.000
2022-02-11,159.800,160.200,157.000,158.900,1713234,272027500.000
2022-02-14,156.700,158.000,154.800,156.100,1566201,244332564.000
2022-02-15,157.500,158.300,155.000,156.600,1455374,227946263.000
2022-02-16,160.700,162.500,160.500,161.600,1996592,322609394.000
2022-02-17,163.000,165.000,161.000,163.600,2500738,408986016.000
2022-02-18,163.600,165.600,159.600,160.100,2583870,418825879.000
2022-02-21,154.000,156.100,152.100,153.700,3146005,483806558.000
2022-02-22,150.300,152.400,148.200,151.300,3297882,495350197.000
2022-02-23,148.100,152.200,148.000,150.900,3386612,508926380.000
2022-02-24,146.500,147.000,141.500,142.800,4574711,658077505.000
2022-02-25,146.600,148.100,144.100,144.800,3553570,518438414.000
2022-02-28,146.300,147.400,144.000,147.400,3579241,522398511.000
2022-03-01,147.400,149.400,146.300,148.100,2533393,374352051.000
2022-03-02,161.800,161.900,156.700,158.100,8197820,1307447625.000
2022-03-03,158.400,160.900,156.500,159.000,4057079,644158106.000
2022-03-04,149.800,151.400,148.000,149.000,4940764,739424514.000
2022-03-07,135.100,142.300,135.000,140.200,4652002,650554777.000
2022-03-08,135.400,139.000,131.100,133.100,6029964,808390677.000
2022-03-09,135.000,136.400,129.500,133.600,4459492,592321797.000
2022-03-10,140.700,143.600,136.900,138.200,4132228,575164831.000
2022-03-11,133.100,134.000,129.500,131.500,9005168,1185415438.000
2022-03-14,117.600,117.600,108.000,108.100,13082951,1463498049.000
2022-03-15,108.100,110.000,99.000,100.000,14393759,1499867452.000
2022-03-16,104.000,121.000,103.200,120.400,12303427,1400579143.000
2022-03-17,138.400,148.000,135.200,139.900,13937103,1944967775.000
2022-03-18,143.000,150.000,142.000,149.400,22036553,3246775770.000
2022-03-21,146.200,147.000,138.000,140.600,10188183,1438967731.000
2022-03-22,142.900,149.300,141.900,148.700,4480525,653921532.000
2022-03-23,150.500,157.000,150.500,153.800,7677577,1183035804.000
2022-03-24,152.800,156.800,148.600,150.000,4933775,753383295.000
2022-03-25,147.300,148.400,140.100,142.000,6641754,952564440.000
2022-03-28,142.000,146.300,138.100,142.500,4156387,589948050.000
2022-03-29,145.500,147.500,144.400,146.000,2494391,363029010.000
2022-03-30,144.600,146.200,142.200,146.200,3633186,525764735.000
2022-03-31,141.000,141.900,138.600,141.500,5149946,723060503.000
2022-04-01,130.500,135.200,129.000,135.200,8625797,1144770951.000
2022-04-04,141.200,146.800,140.700,145.700,5711370,824625936.000
2022-04-06,142.800,144.900,141.500,142.600,4762511,681621281.000
2022-04-07,137.600,140.300,136.200,137.500,4485574,618285567.000
2022-04-08,134.500,135.900,133.100,135.300,4098770,550432716.000
2022-04-11,128.000,132.000,127.500,128.200,5423512,699756188.000
2022-04-12,130.000,132.400,125.800,129.400,3180650,409949874.000
2022-04-13,129.100,130.000,126.200,128.900,3690490,473758310.000
2022-04-14,130.900,133.200,130.600,131.400,2244939,295344667.000
2022-04-19,125.600,126.000,122.600,124.400,5377191,665109879.000
2022-04-20,123.400,125.900,122.700,123.600,2181078,270866566.000
2022-04-21,121.000,122.900,117.700,119.400,4519966,540596901.000
2022-04-22,113.000,118.600,111.600,116.800,3264734,377034013.000
2022-04-25,112.600,113.400,108.100,108.600,5653312,621322803.000
2022-04-26,114.000,118.800,112.600,114.200,5625858,647661235.000
2022-04-27,112.000,114.700,111.000,113.700,3340153,377415092.000
2022-04-28,118.000,119.000,116.400,118.400,3937938,463758723.000
2022-04-29,120.700,133.100,116.600,130.600,9010286,1149236311.000
2022-05-03,126.000,128.400,121.900,126.300,4262821,536928028.000
2022-05-04,125.700,125.700,121.400,122.500,2641805,325005082.000
2022-05-05,127.000,129.900,125.000,125.700,3521654,448376300.000
2022-05-06,121.100,121.700,117.700,117.900,3930371,467131889.000
2022-05-10,105.400,110.300,104.500,109.500,7235088,781110277.000
2022-05-11,106.700,113.800,106.300,110.600,4394189,485176032.000
2022-05-12,106.000,110.500,104.200,104.500,6306082,667251617.000
2022-05-13,109.700,111.700,108.100,111.000,5682846,628363745.000
2022-05-16,115.600,116.800,111.500,113.300,3887041,443942326.000
2022-05-17,116.000,120.400,116.000,119.300,5101472,606648044.000
2022-05-18,120.700,122.800,118.400,121.300,4668998,562632401.000
2022-05-19,118.000,119.300,115.200,117.500,4358299,512008484.000
2022-05-20,123.800,124.800,122.200,123.600,5189867,640912087.000
2022-05-23,123.500,124.600,121.300,123.000,3477274,426433624.000
2022-05-24,119.500,122.300,116.000,117.300,3057531,361026584.000
2022-05-25,114.300,117.300,113.100,115.500,4348054,499720367.000
2022-05-26,118.000,118.300,113.600,115.700,4394858,506094355.000
2022-05-27,133.000,134.300,131.200,132.200,10203896,1354101476.000
2022-05-30,137.000,138.200,135.000,137.600,6779255,929794284.000
2022-05-31,139.200,147.500,138.300,147.500,21728760,3154947937.000
2022-06-01,140.900,142.600,138.900,140.200,9171116,1289394796.000
2022-06-02,139.700,140.200,138.500,139.100,5275571,734524961.000
2022-06-06,143.000,147.900,141.700,146.300,7527041,1081363494.000
2022-06-07,143.900,144.500,141.000,143.400,6791073,972466587.000
2022-06-08,147.900,153.000,147.200,152.100,12926193,1946458775.000
2022-06-09,151.400,152.800,147.100,149.800,14083191,2113940563.000
2022-06-10,140.700,150.900,140.300,149.900,30540281,4530347445.000
2022-06-13,139.000,141.500,137.500,139.100,9549418,1337577501.000
2022-06-14,130.900,137.000,130.000,136.200,9264242,1241652541.000
2022-06-15,139.900,145.400,139.500,142.300,9403715,1345282388.000
2022-06-16,146.600,146.600,136.800,138.200,7251334,1020066674.000
2022-06-17,134.400,141.200,134.400,138.900,6143057,852039002.000
2022-06-20,139.200,141.100,137.400,139.900,4377326,610874529.000
2022-06-21,142.000,144.200,140.500,143.100,5723523,817532919.000
2022-06-22,145.000,145.000,140.400,140.500,6512792,927140502.000
2022-06-23,141.800,144.000,140.300,142.200,5220312,743121222.000
2022-06-24,144.300,149.300,143.700,147.800,6948769,1023507840.000
2022-06-27,151.000,154.500,149.700,152.500,8393821,1282267061.000
2022-06-28,152.600,155.700,149.900,154.700,7312854,1122898142.000
2022-06-29,150.300,153.400,148.100,150.000,6802602,1023805015.000
2022-06-30,150.800,152.400,147.000,148.500,8309126,1242724532.000
2022-07-04,148.500,152.100,147.200,151.900,8302227,1246540949.000
2022-07-05,154.000,155.200,151.500,152.000,4869115,743175770.000
2022-07-06,152.000,152.600,148.100,149.900,4813346,722956921.000
2022-07-07,146.000,147.300,142.700,147.000,5450878,794188102.000
2022-07-08,151.900,152.600,149.300,150.000,5082064,765919298.000
2022-07-11,149.200,149.200,143.300,144.800,5221500,761054901.000
2022-07-12,141.400,143.900,140.500,142.300,3668345,521166069.000
2022-07-13,142.300,144.900,141.200,141.700,5700611,814271771.000
2022-07-14,143.800,145.400,141.900,144.300,5665914,813890127.000
2022-07-15,140.000,140.700,136.000,137.300,5775505,799334404.000
2022-07-18,137.300,142.700,135.000,141.400,4070001,570821657.000
2022-07-19,138.600,139.200,136.400,137.200,3522368,484552567.000
2022-07-20,140.800,143.700,139.800,140.600,3765388,533557469.000
2022-07-21,140.400,140.400,136.600,139.100,4586896,635702866.000
2022-07-22,141.300,143.200,139.700,140.100,3044996,429177706.000
2022-07-25,139.300,139.300,136.100,138.000,3098015,426385009.000
2022-07-26,139.100,141.700,138.100,140.200,2892117,405668950.000
2022-07-27,136.800,137.200,135.600,136.300,3989581,543557206.000
2022-07-28,136.700,139.900,136.700,138.600,4995887,692816716.000
2022-07-29,139.000,139.200,130.400,132.500,6066458,807864402.000
2022-08-01,132.500,135.300,130.900,134.400,3496223,468502521.000
2022-08-02,130.000,130.500,127.000,128.800,4547859,585227845.000
2022-08-03,133.300,133.300,129.200,130.300,3487033,454979970.000
2022-08-04,133.500,138.000,133.100,135.800,3403665,461563439.000
2022-08-05,137.600,138.700,135.300,137.800,3440928,472443270.000
2022-08-08,133.800,136.400,133.500,135.300,2749364,371526621.000
2022-08-09,135.300,136.500,133.200,134.500,2337273,314968704.000
2022-08-10,133.800,133.800,128.600,130.100,3053184,396491747.000
2022-08-11,134.500,136.800,133.400,136.800,4368829,591846537.000
2022-08-12,136.800,137.100,134.800,136.400,3014881,410616831.000
2022-08-15,135.100,137.800,133.400,135.000,3882887,524919395.000
2022-08-16,137.900,138.600,132.000,134.100,3214270,434101928.000
2022-08-17,134.300,134.600,130.800,132.800,2417903,321207360.000
2022-08-18,131.000,131.300,126.800,128.300,4097599,526254763.000
2022-08-19,125.000,130.100,124.500,127.700,2969961,379684481.000
2022-08-22,126.000,131.500,126.000,128.900,4735969,613304575.000
2022-08-23,128.700,132.400,128.700,130.800,5417822,709798643.000
2022-08-24,131.200,131.600,127.500,129.900,4660118,603570288.000
2022-08-25,134.100,143.400,134.100,141.800,6082541,853850582.000
2022-08-26,146.700,147.700,145.000,145.400,5877949,858717906.000
2022-08-29,147.000,147.000,143.700,145.800,5124094,746766431.000
2022-08-30,145.700,146.400,141.000,146.300,5348928,770518124.000
2022-08-31,136.600,144.800,135.600,141.500,13502398,1900042059.000
2022-09-01,139.900,145.500,138.900,141.000,6075706,863137942.000
2022-09-02,141.100,142.800,138.300,139.300,15002794,2091562881.000
2022-09-05,138.000,138.000,134.900,137.100,11395634,1574454921.000
2022-09-06,139.000,139.300,135.600,137.500,3728088,512682232.000
2022-09-07,131.500,133.300,130.800,132.400,5279642,697537244.000
2022-09-08,133.700,134.900,131.800,132.300,5194599,691885660.000
2022-09-09,134.800,138.100,133.000,137.400,4282427,583922278.000
2022-09-13,137.000,137.900,135.500,136.100,4475361,611692483.000
2022-09-14,129.300,130.900,128.300,128.400,6056991,783733398.000
2022-09-15,127.400,128.000,126.300,127.500,4902585,623734894.000
2022-09-16,125.000,125.500,122.200,122.500,10311080,1271861443.000
2022-09-19,121.800,122.400,119.200,121.100,6851391,827824899.000
2022-09-20,122.400,125.400,122.400,124.500,4572518,568719472.000
2022-09-21,122.800,123.100,120.300,121.000,3715395,450927511.000
2022-09-22,117.000,118.900,114.600,118.500,4630837,543969527.000
2022-09-23,117.000,118.600,116.400,116.400,3670516,430346064.000
2022-09-26,115.500,119.200,115.200,117.200,4045756,474056133.000
2022-09-27,117.600,119.200,115.200,118.500,4191028,492931563.000
2022-09-28,116.100,117.100,113.700,114.200,3747059,430631855.000
2022-09-29,118.500,119.700,113.700,115.400,4287801,498654802.000
2022-09-30,118.800,118.800,112.900,114.100,5556334,636544238.000
2022-10-03,114.100,116.600,113.000,114.400,3186395,364256161.000
2022-10-05,121.900,123.700,120.100,123.100,6075213,743997149.000
2022-10-06,121.500,123.500,120.400,122.100,2263466,276153327.000
2022-10-07,120.400,120.900,119.000,119.500,2465214,294846552.000
2022-10-10,118.800,118.800,115.400,116.100,3208279,374391586.000
2022-10-11,114.100,114.100,108.900,109.400,5234615,576955870.000
2022-10-12,106.300,110.200,104.000,107.000,7529036,804505773.000
2022-10-13,106.300,106.700,101.900,102.200,5936842,614117598.000
2022-10-14,105.500,108.300,103.600,104.400,6198581,655503577.000
2022-10-17,98.900,99.800,95.650,98.850,10002812,978953261.000
2022-10-18,100.200,102.500,98.750,102.100,5458338,550508231.000
2022-10-19,101.500,102.300,99.250,99.550,5803652,582552938.000
2022-10-20,91.000,93.500,89.600,91.500,15011454,1370597763.000
2022-10-21,91.450,91.750,89.300,89.750,8064856,729396952.000
2022-10-24,85.750,86.950,77.200,78.800,15953242,1286428212.000
2022-10-25,78.550,83.200,75.600,80.150,12524862,997255936.000
2022-10-26,78.100,83.200,78.100,80.500,11147509,901915166.000
2022-10-27,83.300,83.850,79.300,80.250,11521100,936740274.000
2022-10-28,79.450,79.450,74.700,75.700,9323540,711511697.000
2022-10-31,74.600,78.600,73.700,75.100,9424566,714991147.000
2022-11-01,76.000,81.850,75.200,80.750,10425580,825863966.000
2022-11-02,78.600,81.550,76.750,81.050,6685841,531672588.000
2022-11-03,77.000,77.950,75.500,75.850,8639050,660114537.000
2022-11-04,75.850,86.550,75.850,82.600,17309142,1419806443.000
2022-11-07,79.800,87.200,79.650,85.850,7171954,612640788.000
2022-11-08,83.450,84.400,82.100,83.650,4867619,405535355.000
2022-11-09,82.450,84.100,79.200,80.250,6536842,527441003.000
2022-11-10,79.000,79.250,77.350,78.300,4388770,343572227.000
2022-11-11,84.300,86.000,82.500,85.450,13352658,1126064539.000
2022-11-14,90.000,91.000,87.050,88.700,9873868,870538646.000
2022-11-15,90.000,97.750,89.300,97.000,11464390,1093969888.000
2022-11-16,95.400,98.250,94.150,96.600,7972127,764756285.000
2022-11-17,93.300,93.900,89.150,92.950,8091178,741586980.000
2022-11-18,95.800,97.650,92.900,93.750,5169935,491458358.000
2022-11-21,90.900,92.800,88.200,91.750,4631153,423491309.000
2022-11-22,92.250,93.500,89.050,89.900,4753622,431925174.000
2022-11-23,90.850,94.150,90.050,92.950,8107988,751340298.000
2022-11-24,94.500,96.000,94.000,95.400,4249254,404136380.000
2022-11-25,95.500,95.500,91.400,92.450,2625145,242779430.000
2022-11-28,89.300,90.550,87.150,90.050,4591503,410181324.000
2022-11-29,95.400,98.500,92.300,98.150,6879587,662301909.000
2022-11-30,98.000,101.600,95.000,101.600,10980368,1099519621.000
2022-12-01,107.200,111.500,106.600,106.800,16064283,1734631541.000
2022-12-02,106.900,108.400,104.800,106.100,7828982,831704914.000
2022-12-05,111.400,118.100,109.900,117.900,17207023,1974027885.000
2022-12-06,114.700,119.000,114.300,115.500,6345170,736262169.000
2022-12-07,113.800,120.400,110.700,111.300,12033447,1388823232.000
2022-12-08,112.500,117.800,112.300,116.600,9884703,1142082509.000
2022-12-09,116.200,123.500,116.200,123.000,13853467,1683011271.000
2022-12-12,117.400,117.600,113.800,114.400,8794425,1016290393.000
2022-12-13,113.800,117.300,113.400,114.100,5966422,685960206.000
2022-12-14,117.000,118.900,115.500,118.200,6221519,732185301.000
2022-12-15,115.800,116.000,111.500,113.300,5058112,572732346.000
2022-12-16,110.200,114.600,109.700,112.500,7385343,829256514.000
2022-12-19,111.000,114.600,110.300,111.100,4953741,553435800.000
2022-12-20,108.900,108.900,105.000,106.500,6952402,740581969.000
2022-12-21,106.500,108.000,104.600,106.700,5088609,541068401.000
2022-12-22,110.500,113.500,110.400,112.600,5075962,569897450.000
2022-12-23,108.900,113.500,108.900,112.000,4756900,533145309.000
2022-12-28,112.400,114.800,112.000,113.200,3970856,450570205.000
2022-12-29,109.400,110.700,107.600,110.000,5702816,623795012.000
2022-12-30,113.300,113.700,111.100,111.700,3188288,358057666.000
2023-01-03,109.300,115.800,108.800,114.800,3490383,397317140.000
2023-01-04,118.500,124.600,116.800,124.200,9586767,1172892960.000
2023-01-05,126.500,129.800,124.600,126.000,8245949,1042573630.000
2023-01-06,128.400,129.000,125.600,127.300,4736235,603168402.000
2023-01-09,130.000,131.500,127.800,131.400,5943685,774769065.000
2023-01-10,131.000,131.800,128.900,130.600,4843605,632028099.000
2023-01-11,132.700,137.300,131.100,133.800,10218983,1378366311.000
2023-01-12,135.600,136.300,129.800,132.600,7037405,935081608.000
2023-01-13,133.300,134.400,130.700,133.900,4101172,545168978.000
2023-01-16,136.000,137.300,132.500,134.300,5712942,770905823.000
2023-01-17,132.000,133.800,129.400,132.100,7768757,1019119927.000
2023-01-18,128.100,128.700,125.300,128.600,9141277,1168275107.000
2023-01-19,123.900,126.500,122.800,125.100,9085868,1135161648.000
2023-01-20,126.200,131.300,126.200,131.200,6978396,909248332.000
2023-01-26,134.400,134.500,131.900,134.500,6259830,836943579.000
2023-01-27,135.900,137.500,135.400,136.900,4937093,674839133.000
2023-01-30,136.000,144.900,133.000,136.100,23496324,3266749053.000
2023-01-31,137.800,138.400,131.000,132.400,12054558,1614092817.000
2023-02-01,133.000,144.900,132.400,144.300,18389967,2585180073.000
2023-02-02,152.500,155.800,150.000,151.500,24449284,3748243296.000
2023-02-03,148.300,149.000,143.400,144.800,14254767,2074663709.000
2023-02-06,137.600,142.900,136.200,140.900,13750079,1926717041.000
2023-02-07,141.500,166.300,141.500,162.500,40848489,6504477349.000
2023-02-08,158.000,160.400,155.000,157.400,21120778,3326262692.000
2023-02-09,149.600,153.300,144.000,151.600,26722240,3986357028.000
2023-02-10,146.400,147.200,139.300,140.400,18012789,2567524857.000
2023-02-13,136.400,144.900,135.200,143.100,22297237,3165486261.000
2023-02-14,145.000,145.300,141.700,143.700,9873488,1419206316.000
2023-02-15,145.200,154.600,142.800,149.100,18831110,2812544658.000
2023-02-16,150.300,153.600,146.900,148.100,12998537,1951294691.000
2023-02-17,146.500,148.500,139.600,141.300,9646348,1377320865.000
2023-02-20,141.300,145.700,140.900,145.000,7046670,1016084549.000
2023-02-21,145.700,145.700,137.700,138.100,11127072,1559160569.000
2023-02-22,138.000,144.200,137.700,140.500,11874714,1673279017.000
2023-02-23,136.400,142.800,135.500,139.800,18749280,2615931721.000
2023-02-24,135.300,136.100,130.700,131.400,18464346,2448306166.000
2023-02-27,130.800,137.400,130.500,134.000,14513455,1953298240.000
2023-02-28,137.000,138.500,134.000,134.800,12426001,1686351459.000
2023-03-01,135.000,146.900,135.000,145.000,17882714,2568282029.000
2023-03-02,141.000,142.600,139.400,141.900,16494143,2333349883.000
2023-03-03,148.300,150.800,146.600,149.400,13383977,1992125849.000
2023-03-06,149.400,150.000,145.700,147.500,9965335,1474620901.000
2023-03-07,147.500,149.300,142.300,144.200,8998184,1304478116.000
2023-03-08,141.100,141.500,137.600,139.500,7676025,1070059164.000
2023-03-09,140.000,141.000,137.400,137.600,6505469,903390973.000
2023-03-10,128.200,131.100,128.000,129.500,20860924,2700364656.000
2023-03-13,131.500,136.700,129.000,134.000,11655770,1558088873.000
2023-03-14,132.300,134.000,128.500,129.000,8228520,1072836062.000
2023-03-15,134.500,138.300,133.000,133.600,14627735,1977509867.000
2023-03-16,131.300,134.400,120.100,125.100,24310544,3067798173.000
2023-03-17,135.000,146.000,134.000,142.200,32593056,4601795333.000
2023-03-20,146.500,148.000,141.700,143.500,16032017,2326972748.000
2023-03-21,146.200,149.300,143.500,148.100,13130577,1930441318.000
2023-03-22,147.900,149.800,145.800,146.800,8860343,1305465955.000
2023-03-23,145.500,151.100,144.500,150.900,12338438,1833174307.000
2023-03-24,148.500,159.000,148.000,154.400,25836987,4026140369.000
2023-03-27,156.900,157.000,147.400,149.500,15524093,2329545889.000
2023-03-28,153.000,154.300,149.600,152.200,9433978,1430634578.000
2023-03-29,157.100,158.900,153.700,155.100,10271086,1597907192.000
2023-03-30,154.900,154.900,147.700,149.500,13295987,1986136827.000
2023-03-31,150.700,150.800,146.100,148.700,10727324,1587492706.000
2023-04-03,146.500,148.000,142.000,145.600,12568730,1808365778.000
2023-04-04,145.600,147.400,143.100,146.800,8229772,1199244831.000
2023-04-06,141.800,143.100,140.000,142.900,6567361,930796851.000
2023-04-11,138.500,138.500,132.600,135.200,20209072,2728647719.000
2023-04-12,135.000,135.000,131.800,134.000,12290279,1638633755.000
2023-04-13,133.300,135.700,131.700,134.100,11051373,1471923095.000
2023-04-14,130.800,131.000,128.100,130.000,8507837,1101130739.000
2023-04-17,128.000,131.800,127.200,131.000,6655639,865508792.000
2023-04-18,129.400,130.000,128.400,129.600,5734964,740901335.000
2023-04-19,128.800,129.100,125.600,126.400,8649679,1095550797.000
2023-04-20,126.400,127.700,126.000,126.200,4869840,616534290.000
2023-04-21,125.500,126.200,121.500,122.800,6313569,777913340.000
2023-04-24,122.500,124.800,119.600,121.900,4957227,602111546.000
2023-04-25,120.100,120.700,115.400,117.400,10389111,1215331112.000
2023-04-26,117.400,119.600,117.000,117.500,9374640,1107650288.000
2023-04-27,116.800,116.800,113.600,115.500,8881938,1023173450.000
2023-04-28,116.500,117.800,115.000,115.700,8405991,974588126.000
2023-05-02,118.900,123.400,117.500,118.000,9159722,1091397060.000
2023-05-03,114.700,115.500,112.800,114.300,8564507,978853884.000
2023-05-04,114.600,117.100,114.300,115.300,5242019,605281677.000
2023-05-05,119.200,122.500,118.800,119.700,7826107,942461754.000
2023-05-08,119.600,122.100,119.600,121.000,4667442,565133437.000
2023-05-09,119.600,121.000,114.800,115.600,7782496,910217881.000
2023-05-10,116.400,117.000,113.800,114.500,7454762,856183993.000
2023-05-11,116.900,116.900,113.800,115.600,5784347,667826621.000
2023-05-12,120.700,121.400,118.600,119.100,10929971,1309521602.000
2023-05-15,117.700,122.500,117.200,120.900,6405421,769924601.000
2023-05-16,124.600,125.200,123.400,124.300,7765792,965608365.000
2023-05-17,129.000,129.100,122.700,123.800,18991468,2392393032.000
2023-05-18,127.200,127.300,124.500,125.600,13892765,1747772216.000
2023-05-19,123.300,123.300,119.400,120.000,9177053,1107767358.000
2023-05-22,121.500,125.900,121.500,124.000,6995364,865893558.000
2023-05-23,124.400,125.000,120.800,122.100,4407919,541049649.000
2023-05-24,119.800,120.900,118.200,119.100,4643692,554622380.000
2023-05-25,118.000,118.600,115.300,116.500,7446282,869680437.000
2023-05-29,122.400,123.500,119.100,119.700,9174873,1109021116.000
2023-05-30,119.900,124.300,119.400,123.700,8032976,980981615.000
2023-05-31,121.400,121.400,117.100,119.400,10887812,1294255091.000
2023-06-01,120.200,125.200,118.700,121.600,10953477,1342371553.000
2023-06-02,127.400,131.300,126.700,130.500,21447594,2781078651.000
2023-06-05,130.600,131.300,127.500,129.900,7232778,939127230.000
2023-06-06,128.600,130.900,128.300,129.800,5248144,681047213.000
2023-06-07,134.100,135.000,131.300,132.400,6959909,924090493.000
2023-06-08,130.000,131.100,128.700,130.600,4076940,529789582.000
2023-06-09,130.600,134.000,129.800,132.700,8909677,1182927509.000
2023-06-12,132.700,133.000,130.000,131.700,4902573,644450692.000
2023-06-13,132.500,140.300,132.200,138.100,13678257,1878179381.000
2023-06-14,140.600,142.000,138.400,140.000,8191156,1148339171.000
2023-06-15,143.800,146.000,142.600,145.900,11096967,1601095982.000
2023-06-16,146.200,146.500,143.600,145.100,10678119,1549215307.000
2023-06-19,142.700,143.300,138.600,142.500,6694336,942884461.000
2023-06-20,143.700,145.900,141.800,142.700,7655890,1097347251.000
2023-06-21,139.200,141.300,138.500,140.300,8400709,1174552191.000
2023-06-23,139.000,139.600,136.200,138.200,5834993,804814795.000
2023-06-26,137.800,140.300,136.500,137.100,5794873,798955730.000
2023-06-27,137.100,139.800,136.100,139.000,4812397,667047880.000
2023-06-28,139.000,141.500,137.400,140.500,4717754,659033187.000
2023-06-29,138.600,139.400,134.000,134.600,7283920,986941377.000
2023-06-30,132.100,134.400,131.000,132.800,6440994,855575646.000
2023-07-03,134.000,140.400,134.000,138.900,5067453,701338986.000
2023-07-04,139.900,143.900,139.800,141.100,4515685,639832729.000
2023-07-05,139.400,142.000,138.600,139.300,3089574,430917420.000
2023-07-06,138.900,141.900,136.000,137.700,5186723,715595178.000
2023-07-07,136.000,139.400,133.800,137.400,4197879,574412888.000
2023-07-10,141.700,142.300,136.600,137.700,3291482,455733291.000
2023-07-11,139.600,141.600,138.400,139.200,3457168,482757943.000
2023-07-12,141.700,144.600,140.600,142.000,6195961,883041900.000
2023-07-13,146.300,148.500,144.900,148.300,11287023,1661345104.000
2023-07-14,149.600,150.000,146.600,147.900,7226843,1069218531.000
2023-07-18,147.900,147.900,143.500,144.400,3822130,554564470.000
2023-07-19,141.500,142.300,137.500,142.100,6770368,948526616.000
2023-07-20,141.500,143.600,139.900,140.600,3711059,525016363.000
2023-07-21,139.000,142.500,138.900,140.600,4433384,623727219.000
2023-07-24,137.500,138.700,134.300,135.300,5873413,799683912.000
2023-07-25,144.900,147.400,143.200,146.800,11327892,1645601086.000
2023-07-26,144.900,146.800,143.600,144.100,5278888,763261183.000
2023-07-27,145.100,146.700,143.500,145.700,4567236,663360457.000
2023-07-28,143.800,149.700,143.500,148.700,6528167,965668466.000
2023-07-31,151.600,155.500,151.000,152.900,12033028,1845015488.000
2023-08-01,152.900,155.800,149.900,152.200,7340573,1125004535.000
2023-08-02,150.000,150.400,144.800,146.500,5881531,864277649.000
2023-08-03,144.500,147.100,144.100,144.800,4994910,725354223.000
2023-08-04,147.400,148.600,144.600,147.000,5250561,769372917.000
2023-08-07,145.000,147.300,144.600,146.500,2746357,402321151.000
2023-08-08,143.300,144.000,140.000,140.800,6562934,929061860.000
2023-08-09,139.000,141.900,139.000,141.000,5117504,718348056.000
2023-08-10,139.000,141.300,138.800,140.600,3442157,482194742.000
2023-08-11,142.100,142.100,137.500,137.800,3358554,465530687.000
2023-08-14,135.100,135.400,132.100,134.600,8160471,1090716667.000
2023-08-15,133.300,137.400,133.300,134.300,3982677,536755485.000
2023-08-16,131.400,131.600,129.300,130.600,8109584,1057185910.000
2023-08-17,127.200,130.500,125.400,129.600,8422265,1083314211.000
2023-08-18,128.400,129.700,125.800,126.100,4503938,573012191.000
2023-08-21,123.500,124.900,121.500,121.900,8279329,1014566046.000
2023-08-22,123.600,125.200,120.800,123.000,7299251,896224256.000
2023-08-23,125.000,130.000,124.800,128.400,11058005,1419217982.000
2023-08-24,132.000,136.100,131.100,134.400,11588385,1552952472.000
2023-08-25,131.500,133.800,131.400,131.900,5344349,708193609.000
2023-08-28,137.800,139.000,132.500,132.700,4762801,645244269.000
2023-08-29,134.400,136.900,133.900,135.600,4168566,565300763.000
2023-08-30,138.000,139.400,136.100,136.500,8990435,1236635250.000
2023-08-31,141.300,143.100,138.700,139.400,12015369,1684749917.000
2023-09-04,142.200,145.000,141.600,144.200,11307398,1620996236.000
2023-09-05,142.300,144.500,141.400,142.000,5783218,826163511.000
2023-09-06,138.500,140.700,137.700,139.700,4177848,581893789.000
2023-09-07,139.600,139.600,136.400,137.000,3912132,537019940.000
2023-09-11,133.300,137.900,132.800,137.000,5122847,695129966.000
2023-09-12,134.600,137.300,134.100,136.400,4396816,598760464.000
2023-09-13,135.000,136.400,134.100,135.100,4098086,553258148.000
2023-09-14,135.100,136.200,133.500,135.000,2679379,361189260.000
2023-09-15,134.200,136.300,133.000,134.200,5064558,681076883.000
2023-09-18,133.000,134.400,131.900,132.200,3488993,464738301.000
2023-09-19,132.200,132.200,130.100,130.900,3437293,449571148.000
2023-09-20,129.800,130.000,127.400,128.400,4293564,551590281.000
2023-09-21,127.100,128.300,125.300,126.100,4981781,628852162.000
2023-09-22,124.300,130.000,124.200,129.600,5593337,715420333.000
2023-09-25,129.800,129.800,127.100,127.400,2759084,352526285.000
2023-09-26,128.100,130.100,127.000,128.500,5378582,691973727.000
2023-09-27,128.900,131.400,128.700,129.100,4101930,532668121.000
2023-09-28,129.100,129.800,127.800,128.800,5166495,665372301.000
2023-09-29,128.800,134.500,128.600,133.400,5815703,772726019.000
2023-10-03,130.200,130.300,128.500,129.400,4196902,542363007.000
2023-10-04,127.000,127.400,123.300,124.100,5833849,725430708.000
2023-10-05,124.900,126.700,124.400,125.000,3608877,452645578.000
2023-10-06,127.500,129.300,127.500,127.800,2420986,310167143.000
2023-10-09,130.000,131.200,128.000,129.000,1774718,229846972.000
2023-10-10,132.000,133.500,129.600,129.800,4677778,613460097.000
2023-10-11,133.100,133.200,130.100,130.300,4796385,629279029.000
2023-10-12,133.100,133.500,131.200,131.500,3446092,454965832.000
2023-10-13,126.200,127.000,124.200,124.600,6956422,871370356.000
2023-10-16,122.500,123.100,120.500,121.400,6182553,750613429.000
2023-10-17,121.400,121.800,118.400,119.400,8588062,1026995187.000
2023-10-18,117.200,117.900,113.400,113.700,13958510,1600589607.000
2023-10-19,110.000,110.100,106.200,107.700,15313703,1658254688.000
2023-10-20,104.900,106.400,104.000,104.300,11377191,1192624725.000
2023-10-24,105.100,105.800,103.000,103.800,7763083,807246689.000
2023-10-25,108.400,109.500,105.100,105.900,7610812,816510801.000
2023-10-26,105.800,106.700,104.500,105.700,4020330,424544602.000
2023-10-27,105.800,107.900,105.300,107.000,6075353,648670555.000
2023-10-30,104.800,107.100,104.300,107.100,5152156,547098003.000
2023-10-31,103.900,103.900,101.900,102.700,7677359,789599307.000
2023-11-01,102.700,103.200,101.000,101.600,5140619,522332096.000
2023-11-02,103.600,105.500,102.700,103.100,4001652,414988407.000
2023-11-03,104.900,105.800,104.200,105.300,8402201,883221176.000
2023-11-06,107.700,109.100,107.000,108.200,8226779,886760547.000
2023-11-07,106.600,107.300,105.400,106.400,4611905,489559929.000
2023-11-08,105.800,107.800,105.000,105.400,3911722,414175731.000
2023-11-09,105.500,106.000,103.700,104.700,3598749,376585793.000
2023-11-10,103.500,103.500,100.600,101.300,8057074,815752183.000
2023-11-13,102.100,105.000,102.000,104.600,6342039,657760121.000
2023-11-14,104.800,105.400,102.200,103.800,4570033,473885198.000
2023-11-15,107.000,108.700,106.500,108.400,7163195,771170718.000
2023-11-16,109.900,110.000,107.000,108.800,9389381,1019321442.000
2023-11-17,106.000,106.500,102.500,103.500,8593418,890630623.000
2023-11-20,104.300,105.000,102.900,104.500,9894060,1028116914.000
2023-11-21,108.200,110.400,107.000,107.400,11737440,1271628237.000
2023-11-22,109.600,114.200,109.300,112.200,13427435,1508572415.000
2023-11-23,116.700,120.600,116.200,119.800,17628638,2093067947.000
2023-11-24,118.600,120.200,117.800,118.200,6758657,801241147.000
2023-11-27,119.700,120.900,118.900,119.800,7511842,901150752.000
2023-11-28,121.200,121.300,119.900,120.000,8306277,1000209113.000
2023-11-29,117.400,117.400,114.300,115.100,12378635,1426622750.000
2023-11-30,115.100,116.500,112.100,116.100,10080468,1160284305.000
2023-12-01,115.400,116.200,114.400,114.900,6432151,740393668.000
2023-12-04,115.300,115.600,111.300,111.600,6924977,780420327.000
2023-12-05,110.800,110.900,107.500,108.900,9378848,1017470285.000
2023-12-06,110.600,113.600,110.100,112.400,7132708,799613762.000
2023-12-07,111.800,111.800,109.200,111.400,5435864,601999597.000
2023-12-08,111.800,113.500,111.000,111.800,12170730,1361121098.000
2023-12-11,110.000,110.000,107.000,108.200,8893788,960432168.000
2023-12-12,110.100,111.300,109.400,110.500,5385808,595285443.000
2023-12-13,109.400,110.400,108.000,109.400,4727883,516250835.000
2023-12-14,110.700,111.900,106.500,107.200,8806366,949562995.000
2023-12-15,110.700,113.200,110.200,111.600,10016526,1118808125.000
2023-12-18,110.000,110.500,108.700,109.700,5842566,640915361.000
2023-12-19,109.800,110.100,108.300,109.300,3963903,432970838.000
2023-12-20,111.000,112.600,110.300,110.600,4544817,505368286.000
2023-12-21,110.500,112.900,110.100,112.200,5372844,601432595.000
2023-12-22,114.200,116.400,109.300,110.900,10057961,1129842296.000
2023-12-27,111.900,113.000,109.900,111.500,4296829,478517870.000
2023-12-28,112.500,115.900,111.200,114.900,4372699,501288170.000
2023-12-29,115.900,116.900,115.100,116.100,4328726,502034645.000
2024-01-02,118.000,119.900,114.600,115.300,3485981,404536240.000
2024-01-03,112.400,113.000,111.400,112.500,5385814,605011841.000
2024-01-04,114.200,114.900,112.600,114.700,4103948,468305969.000
2024-01-05,115.400,116.800,114.200,115.300,6499319,751099132.000
2024-01-08,114.900,116.300,112.800,113.000,6398434,726303389.000
2024-01-09,115.000,115.500,113.100,113.600,5464085,623080784.000
2024-01-10,113.200,114.500,112.400,113.800,4233301,481067617.000
2024-01-11,112.800,116.000,112.000,114.500,5009657,573552181.000
2024-01-12,115.000,116.100,113.200,113.600,3032087,346060901.000
2024-01-15,107.300,107.300,99.950,100.500,28296276,2890026922.000
2024-01-16,101.200,104.800,100.300,100.700,17793226,1811636551.000
2024-01-17,101.200,101.300,95.250,96.800,17302269,1683722499.000
2024-01-18,99.500,100.800,98.500,99.750,11618506,1157776894.000
2024-01-19,100.800,101.800,98.350,99.200,9099260,907878535.000
2024-01-22,99.000,99.200,94.300,95.600,11717267,1123939840.000
2024-01-23,96.000,100.600,95.250,98.500,10925936,1073688645.000
2024-01-24,104.700,106.300,101.300,105.100,14025126,1455172480.000
2024-01-25,107.400,107.800,105.800,106.800,14670466,1567161158.000
2024-01-26,105.300,106.300,102.200,103.100,11076910,1148982476.000
2024-01-29,105.100,107.200,104.500,105.100,6408267,677114999.000
2024-01-30,103.600,104.900,102.700,103.400,6777805,701582505.000
2024-01-31,102.300,103.600,100.600,101.400,6043254,613413231.000
2024-02-01,102.800,105.000,101.600,102.800,7577091,782347492.000
2024-02-02,104.200,105.600,100.400,102.000,5582777,570953562.000
2024-02-05,99.900,102.800,99.500,100.900,5184360,523986020.000
2024-02-06,100.800,106.200,100.600,105.800,9206612,958839504.000
2024-02-07,104.500,105.800,102.200,103.100,7601054,786825392.000
2024-02-08,102.800,103.600,101.300,102.900,5011331,513849564.000
2024-02-09,100.800,101.700,99.750,101.200,2391578,240410333.000
2024-02-14,100.500,103.000,99.100,102.600,4551738,462615984.000
2024-02-15,103.000,104.900,102.400,103.700,3654055,378902725.000
2024-02-16,104.000,107.400,103.000,106.900,4621440,490224908.000
2024-02-19,105.700,105.700,102.800,103.600,3841460,398957819.000
2024-02-20,105.000,105.000,102.200,104.000,4301730,444351245.000
2024-02-21,102.700,108.000,102.200,105.900,7879747,834999774.000
2024-02-22,105.100,107.000,104.700,107.000,5269882,557883138.000
2024-02-23,108.000,111.200,107.200,109.900,9924444,1087880487.000
2024-02-26,109.000,109.500,107.000,107.500,7130927,768249396.000
2024-02-27,106.400,108.900,104.900,108.500,7327712,784012239.000
2024-02-28,110.800,111.400,106.100,106.600,7772379,842289046.000
2024-02-29,101.600,102.300,98.600,99.550,27512883,2755563807.000
2024-03-01,98.000,102.000,97.550,101.200,16103010,1617589370.000
2024-03-04,102.500,103.300,100.300,101.100,9781224,991978094.000
2024-03-05,97.500,98.400,95.150,95.300,18521040,1784429015.000
2024-03-06,96.100,98.350,95.650,97.100,14091091,1364938073.000
2024-03-07,96.900,98.000,94.550,95.550,8989464,862467946.000
2024-03-08,95.200,97.150,95.200,96.200,8930567,861522323.000
2024-03-11,96.200,97.550,96.200,97.550,5061815,491412000.000
2024-03-12,98.500,102.200,98.000,102.000,11306144,1138721965.000
2024-03-13,102.300,105.400,102.100,104.200,10918453,1136620114.000
2024-03-14,105.600,106.400,102.700,103.700,6628201,690227581.000
2024-03-15,101.400,102.000,99.500,101.300,9899484,999247799.000
2024-03-18,101.000,103.000,100.700,102.200,4281823,437084627.000
2024-03-19,101.800,102.900,100.700,101.600,4652541,473890516.000
2024-03-20,101.000,102.300,100.300,101.900,4848608,492477992.000
2024-03-21,101.900,103.400,100.600,101.000,10125042,1027728185.000
2024-03-22,99.600,99.900,97.100,98.200,11227194,1102233516.000
2024-03-25,99.200,104.900,98.600,100.700,13659552,1381289591.000
2024-03-26,103.700,105.500,103.400,104.400,12515141,1307962990.000
2024-03-27,101.500,101.500,98.900,99.450,10605334,1058388724.000
2024-03-28,101.000,104.200,101.000,102.700,8486457,873160395.000
2024-04-02,105.700,106.600,104.400,104.900,6133587,645087246.000
2024-04-03,107.300,107.300,103.600,104.000,5573403,582505898.000
2024-04-05,105.500,106.400,103.300,105.100,6136787,643357269.000
2024-04-08,104.000,104.700,102.500,103.500,5065565,523879621.000
2024-04-09,100.800,102.200,99.650,100.100,10240139,1026928254.000
2024-04-10,100.900,103.000,100.600,102.000,6045388,616379422.000
2024-04-11,100.300,101.000,99.300,100.800,5107313,512190851.000
2024-04-12,100.000,100.500,97.500,97.550,10851819,1066690714.000
2024-04-15,96.000,96.950,95.650,96.750,4794417,462555801.000
2024-04-16,95.000,95.650,93.650,94.150,10030932,947962919.000
2024-04-17,93.650,94.550,92.300,93.100,6714229,624640318.000
2024-04-18,93.700,95.300,92.600,93.550,6273781,589382274.000
2024-04-19,92.600,92.950,91.350,92.500,7427514,685722962.000
2024-04-22,93.000,94.500,92.750,93.950,4446642,417550976.000
2024-04-23,95.600,96.550,94.800,96.350,7113854,682343097.000
2024-04-24,96.350,98.700,96.100,97.900,6983276,681993148.000
2024-04-25,96.550,99.750,96.000,97.900,7235269,709653421.000
2024-04-26,98.500,101.600,98.150,100.900,9245509,929654579.000
2024-04-29,99.100,108.000,99.000,103.300,20369670,2115163966.000
2024-04-30,105.100,106.600,104.300,104.700,12957616,1363091061.000
2024-05-02,103.500,105.600,101.300,105.500,11519542,1200821738.000
2024-05-03,110.000,111.900,108.500,110.000,13334112,1468111745.000
2024-05-06,110.900,111.600,109.200,110.700,6998792,771888982.000
2024-05-07,110.700,110.700,107.400,108.300,7170763,777058761.000
2024-05-08,108.000,109.300,106.100,106.900,6420405,689370707.000
2024-05-09,106.800,108.400,106.300,107.400,4955758,532275067.000
2024-05-10,108.000,109.100,106.100,107.200,6682425,715340683.000
2024-05-13,105.200,107.800,104.100,107.400,6590029,702278953.000
2024-05-14,109.900,111.300,108.300,109.200,7508289,820087578.000
2024-05-16,109.200,109.800,107.000,108.400,9018974,977450041.000
2024-05-17,111.900,114.000,110.000,110.900,16803536,1877806199.000
2024-05-20,107.900,108.200,106.800,107.400,11318955,1215239930.000
2024-05-21,106.100,106.200,102.500,102.800,11718639,1214072415.000
2024-05-22,101.700,102.600,100.100,100.800,12282822,1241583451.000
2024-05-23,100.000,100.300,99.050,99.050,9089403,904405541.000
2024-05-24,98.500,99.950,97.500,97.900,7603415,748554295.000
2024-05-27,98.000,98.500,96.100,98.100,6988061,680961580.000
2024-05-28,98.150,100.200,97.700,97.850,6103194,601707633.000
2024-05-29,96.500,97.500,94.750,95.850,12442420,1192704102.000
2024-05-30,95.700,96.900,94.500,94.800,10334799,983960767.000
2024-05-31,96.100,97.200,93.500,93.500,15220435,1440393157.000
2024-06-03,94.950,96.000,94.350,95.000,8495013,804896646.000
2024-06-04,93.900,94.700,93.650,94.300,4873751,459585145.000
2024-06-05,93.500,95.150,93.150,93.950,8519329,801942492.000
2024-06-06,95.050,96.000,94.300,94.650,9478810,900157286.000
2024-06-07,95.500,95.700,94.600,94.600,9100599,863252174.000
2024-06-11,92.800,93.050,91.800,92.750,12414805,1147420059.000
2024-06-12,92.200,92.600,91.200,91.350,11083536,1018595606.000
2024-06-13,92.550,92.800,91.550,92.450,7048524,649780644.000
2024-06-14,92.250,92.250,91.100,91.600,7926324,727694261.000
2024-06-17,90.800,90.900,89.900,90.650,9146211,830565716.000
2024-06-18,89.900,89.900,87.800,88.400,9248019,820007673.000
2024-06-19,89.200,90.700,88.650,90.450,5666135,509372114.000
2024-06-20,90.550,91.100,88.450,88.850,5198976,463297545.000
2024-06-21,86.800,87.450,86.600,87.350,12885222,1123217753.000
2024-06-24,86.000,86.500,85.300,86.350,7289027,625209217.000
2024-06-25,86.350,87.200,86.100,86.900,8793687,762971890.000
2024-06-26,86.600,87.900,86.400,87.300,8338090,727686806.000
2024-06-27,86.150,86.850,85.600,86.100,9129123,785671922.000
2024-06-28,86.050,86.600,85.050,85.250,8150729,697547867.000
2024-07-02,84.900,85.050,83.400,83.900,9441194,795306835.000
2024-07-03,84.750,86.800,84.250,86.200,7686537,659830888.000
2024-07-04,87.600,88.500,86.800,87.300,4485116,392158652.000
2024-07-05,87.100,87.850,86.000,86.400,3929170,340135174.000
2024-07-08,86.050,87.150,86.000,86.400,3213560,277532496.000
2024-07-09,86.350,86.650,84.850,86.300,4955923,425627930.000
2024-07-10,93.000,97.150,93.000,95.050,32939041,3138305097.000
2024-07-11,96.100,97.500,94.900,97.200,13587634,1311695843.000
2024-07-12,98.000,99.800,98.000,99.500,14313165,1419680528.000
2024-07-15,96.900,97.000,93.100,93.950,19236416,1816359733.000
2024-07-16,91.500,92.300,90.100,91.150,11606410,1057616995.000
2024-07-17,91.200,92.150,90.500,91.650,6262846,573654370.000
2024-07-18,89.300,90.000,88.250,89.450,9983611,890992731.000
2024-07-19,88.900,89.300,87.850,88.150,6237239,550479076.000
2024-07-22,88.150,90.100,87.100,89.450,5954479,530082429.000
2024-07-23,90.000,90.050,87.850,88.250,5409610,478816923.000
2024-07-24,88.250,89.200,87.400,87.750,5717276,502610567.000
2024-07-25,86.850,87.400,85.150,85.800,7478507,642657733.000
2024-07-26,85.450,86.750,85.050,85.600,4341557,372157562.000
2024-07-29,87.250,87.750,86.450,86.800,4662257,405827143.000
2024-07-30,88.000,88.000,86.500,87.150,6402018,557309053.000
2024-07-31,87.000,88.550,86.050,87.700,7550788,661431889.000
2024-08-01,86.700,87.150,85.350,85.850,7023579,603755480.000
2024-08-02,84.300,84.500,82.600,83.500,9652685,803883178.000
2024-08-05,81.600,82.550,79.500,81.050,10488985,849197646.000
2024-08-06,81.050,81.550,79.600,80.000,6294308,505775761.000
2024-08-07,81.100,82.200,80.550,81.250,5859018,476238020.000
2024-08-08,80.500,82.000,79.300,80.900,4870087,394425727.000
2024-08-09,83.700,84.900,83.050,83.200,9741057,813915590.000
2024-08-12,83.150,83.200,81.600,82.650,2964229,244492713.000
2024-08-13,82.700,83.100,81.950,82.600,2941114,242781745.000
2024-08-14,83.900,84.150,82.100,82.400,5511170,456390503.000
2024-08-15,81.750,82.800,81.000,81.450,4432060,362061877.000
2024-08-16,83.700,84.300,83.050,83.800,7290885,610586163.000
2024-08-19,86.000,87.000,85.700,85.800,8557775,737780649.000
2024-08-20,87.950,87.950,86.250,86.650,8197246,711066090.000
2024-08-21,85.050,85.600,84.250,85.000,7330973,622528445.000
2024-08-22,87.300,87.300,85.650,86.450,6634362,573683295.000
2024-08-23,82.150,83.000,80.400,82.200,15404911,1258724491.000
2024-08-26,82.900,85.100,82.900,83.550,6618293,554999326.000
2024-08-27,83.900,85.150,83.650,84.600,8181811,691884001.000
2024-08-28,83.000,83.150,81.650,81.900,6699038,549564915.000
2024-08-29,80.450,81.700,79.650,81.450,6457464,522125398.000
2024-08-30,80.650,84.000,80.650,82.950,10811873,895275398.000
2024-09-02,82.000,82.400,81.550,81.950,4295525,352129089.000
2024-09-03,81.950,82.300,80.800,81.250,3614812,294154963.000
2024-09-04,80.000,81.000,79.500,80.650,8465125,678959736.000
2024-09-05,80.550,80.750,79.050,79.750,7769965,618620186.000
2024-09-09,78.950,79.450,78.300,79.050,9399137,741897022.000
2024-09-10,79.050,80.800,78.900,80.100,7496545,600077555.000
2024-09-11,79.400,80.850,79.200,80.450,5181194,415067793.000
2024-09-12,81.500,82.500,81.300,81.600,5661233,464008815.000
2024-09-13,82.000,82.900,81.800,82.050,4790581,394294896.000
2024-09-16,81.150,82.700,80.400,82.600,6157168,506013929.000
2024-09-17,82.200,83.600,81.850,83.050,5169487,429229961.000
2024-09-19,82.550,85.850,82.300,85.300,9914727,841975532.000
2024-09-20,84.600,85.900,83.600,85.450,11094666,946545413.000
2024-09-23,84.550,85.500,84.550,84.650,7347263,624044371.000
2024-09-24,86.050,88.900,85.750,88.900,14043560,1232693570.000
2024-09-25,91.450,91.950,88.400,88.700,17178950,1543969070.000
2024-09-26,91.500,96.100,90.700,95.750,24044947,2268194017.000
2024-09-27,99.300,102.900,98.100,100.600,27969315,2798288087.000
2024-09-30,104.600,107.800,101.800,105.600,23630511,2490546366.000
2024-10-02,106.500,119.400,106.500,115.200,29360346,3367131215.000
2024-10-03,113.000,113.900,105.200,108.800,21559804,2353181688.000
2024-10-04,106.700,111.000,105.300,110.500,18007034,1968523171.000
2024-10-07,111.400,113.800,109.600,111.000,22442978,2496368160.000
2024-10-08,108.500,109.000,95.500,100.100,31730132,3240901144.000
2024-10-09,101.800,104.200,96.050,99.150,22515245,2245202457.000
2024-10-10,100.800,102.700,99.150,101.000,11039630,1114450491.000
2024-10-14,99.700,99.850,95.450,98.350,14395892,1405068280.000
2024-10-15,96.950,97.000,91.150,92.600,17802241,1665304732.000
2024-10-16,91.750,93.450,91.200,91.700,10888919,1003294873.000
2024-10-17,92.850,94.600,90.050,90.800,8221846,754416629.000
2024-10-18,90.000,94.550,89.950,93.300,11688678,1083073994.000
2024-10-21,92.250,92.850,90.400,91.000,8009787,730799997.000
2024-10-22,90.000,90.200,87.750,88.350,16136611,1430521684.000
2024-10-23,88.450,89.600,88.000,88.700,8407945,746475664.000
2024-10-24,87.250,87.800,86.500,86.750,9603196,833981333.000
2024-10-25,87.000,87.700,86.700,87.050,5248484,457466326.000
2024-10-28,87.100,89.150,87.000,88.500,5416693,479248761.000
2024-10-29,90.200,92.350,90.150,90.850,10582615,964422710.000
2024-10-30,90.850,90.950,88.850,89.200,6526533,584210993.000
2024-10-31,89.700,90.800,89.100,89.200,4569149,409228195.000
2024-11-01,89.300,89.650,87.800,88.350,6459922,571208006.000
2024-11-04,88.400,88.900,87.650,88.250,3118806,274775962.000
2024-11-05,87.750,90.500,87.750,90.300,6016656,538528718.000
2024-11-06,88.900,89.550,87.800,88.400,7461885,660638510.000
2024-11-07,87.800,90.050,87.250,89.800,6750716,601786478.000
2024-11-08,90.950,92.300,88.950,88.950,5785092,521033083.000
2024-11-11,87.000,87.350,85.100,87.200,8971125,774065009.000
2024-11-12,86.050,87.050,83.500,83.700,13028446,1101211759.000
2024-11-13,83.000,83.700,82.300,83.250,8942567,742501057.000
2024-11-14,82.550,83.100,80.850,81.000,10612000,865665934.000
2024-11-15,81.050,84.000,81.000,82.250,8690312,717496727.000
2024-11-18,83.300,83.550,81.550,81.800,7420116,609934915.000
2024-11-19,82.850,83.900,82.850,83.350,5762495,480359792.000
2024-11-20,83.200,84.350,83.200,84.000,4718642,396351652.000
2024-11-21,84.050,84.950,83.550,83.850,6052569,508625154.000
2024-11-22,79.300,79.300,75.200,76.650,27157201,2085011900.000
2024-11-25,77.300,78.700,77.000,77.850,18079625,1409885475.000
2024-11-26,78.550,82.450,78.550,81.100,16227545,1314797907.000
2024-11-27,80.750,82.950,80.450,82.350,6547255,534994588.000
2024-11-28,81.650,82.050,80.050,80.450,5550575,446864778.000
2024-11-29,80.000,81.850,80.000,81.300,5942182,482366734.000
2024-12-02,82.400,83.450,81.750,82.900,5353498,442845782.000
2024-12-03,83.550,84.550,82.550,84.150,6184445,518130304.000
2024-12-04,83.950,84.300,82.800,83.650,5086161,425855553.000
2024-12-05,83.050,83.950,82.200,83.850,6892898,575893541.000
2024-12-06,83.850,85.450,83.050,84.950,8190066,694435496.000
2024-12-09,84.200,87.150,83.100,87.100,11485880,979036892.000
2024-12-10,90.150,90.200,85.350,85.550,16555996,1442603678.000
2024-12-11,86.700,87.650,85.350,85.500,8289828,714319225.000
2024-12-12,87.250,89.100,86.500,87.600,8112981,713033930.000
2024-12-13,87.700,88.350,86.850,86.850,11272825,985125811.000
2024-12-16,87.600,88.000,86.700,87.200,7688968,670688084.000
2024-12-17,85.350,87.400,85.300,86.250,7684018,663786138.000
2024-12-18,87.050,88.250,87.050,87.750,5913967,519203358.000
2024-12-19,86.250,86.600,81.750,84.100,16602057,1397078045.000
2024-12-20,82.650,82.900,81.250,81.950,16235775,1329804161.000
2024-12-23,82.950,85.300,82.950,84.550,9231553,781596387.000
2024-12-24,84.950,86.500,84.800,85.650,4425648,378787146.000
2024-12-27,85.600,85.850,83.600,85.000,6571138,556242653.000
2024-12-30,84.050,85.000,83.450,83.800,8384996,704395704.000
2024-12-31,82.550,83.000,81.800,82.700,5223124,431291172.000
2025-01-02,81.500,82.350,80.200,80.800,9971885,808605719.000
2025-01-03,80.800,81.800,80.350,81.050,6856772,555109238.000
2025-01-06,81.500,81.850,80.300,80.750,4711696,380349951.000
2025-01-07,80.300,81.250,79.500,80.450,8407835,674763144.000
2025-01-08,79.900,80.550,78.900,79.850,4364119,347817843.000
2025-01-09,79.650,79.950,78.850,78.850,3886965,307767111.000
2025-01-10,78.900,79.400,77.300,77.700,5415352,421970172.000
2025-01-13,76.000,76.450,74.300,75.900,8584614,647783769.000
2025-01-14,76.000,77.950,75.500,77.550,9041148,695095870.000
2025-01-15,76.600,78.500,76.600,78.500,5969113,465571377.000
2025-01-16,79.500,80.500,78.100,79.100,7519739,594561146.000
2025-01-17,78.850,79.200,77.850,78.650,3404284,267130156.000
2025-01-20,80.400,82.300,80.300,80.800,6829887,554079424.000
2025-01-21,81.300,82.200,80.600,81.750,5659856,462118483.000
2025-01-22,81.400,81.700,79.600,80.150,7237960,580385473.000
2025-01-23,80.650,81.150,79.400,79.800,5781226,462157188.000
2025-01-24,79.900,81.950,79.750,81.550,6394920,519982850.000
2025-01-27,83.950,85.750,83.950,84.750,11700469,992790408.000
2025-01-28,86.400,88.600,86.400,87.800,12992966,1141675107.000
2025-02-03,85.900,85.900,80.300,84.450,18350466,1523742075.000
2025-02-04,85.550,88.000,84.500,87.350,13972070,1212302506.000
2025-02-05,89.350,89.400,86.650,87.800,18330833,1606247520.000
2025-02-06,86.200,86.700,85.050,86.650,12184565,1047464918.000
2025-02-07,85.500,86.800,85.300,86.250,14492035,1248880390.000
2025-02-10,86.700,89.600,86.700,89.450,18041542,1602880070.000
2025-02-11,91.100,92.200,88.750,88.750,11339412,1016772020.000
2025-02-12,88.450,89.050,85.100,88.900,26625584,2323769156.000
2025-02-13,91.000,99.600,90.850,94.000,46646171,4457548042.000
2025-02-14,94.450,96.700,93.550,96.550,27036137,2573005892.000
2025-02-17,97.000,97.150,88.100,89.850,40441848,3680873132.000
2025-02-18,90.050,91.950,88.850,90.200,26888029,2419941822.000
2025-02-19,88.650,88.650,83.650,88.350,18488188,1621442306.000
2025-02-20,86.400,86.950,85.250,85.500,17227243,1478898729.000
2025-02-21,88.300,89.500,86.400,89.500,18990437,1677775144.000
2025-02-24,89.000,91.300,86.900,89.500,17193197,1541135499.000
2025-02-25,85.350,87.300,85.050,86.000,16802850,1447271318.000
2025-02-26,87.200,89.800,87.150,88.850,13153850,1166477682.000
2025-02-27,87.400,88.550,86.500,87.750,15592278,1363793657.000
2025-02-28,86.600,86.600,83.200,83.500,23627254,1991604412.000
2025-03-03,84.100,85.150,82.800,83.300,9287956,778342468.000
2025-03-04,82.000,85.500,81.400,84.750,13227436,1114651426.000
2025-03-05,85.700,87.850,85.100,87.500,14453429,1255844809.000
2025-03-06,89.500,91.800,88.600,91.150,20181566,1828645362.000
2025-03-07,91.050,92.950,90.450,90.800,22857267,2085315299.000
2025-03-10,91.900,94.800,91.650,92.000,23185620,2149764632.000
2025-03-11,90.000,92.450,88.800,92.250,11393322,1037740204.000
2025-03-12,92.000,92.450,89.550,90.050,11306370,1027186860.000
2025-03-13,90.300,90.950,88.650,89.450,7814519,700536744.000
2025-03-14,91.400,93.150,91.150,91.650,12891603,1187981609.000
2025-03-17,92.400,94.150,91.550,92.050,7787390,720025116.000
2025-03-18,98.900,103.600,98.600,103.300,39921336,4055464563.000
2025-03-19,100.200,100.400,97.500,99.200,20173005,1997455621.000
2025-03-20,96.800,96.800,93.400,93.800,23304421,2204740734.000
2025-03-21,91.950,93.800,91.050,91.450,18957976,1739678194.000
2025-03-24,92.500,94.300,91.500,93.550,13278795,1232742120.000
2025-03-25,93.000,93.950,91.800,92.100,8336014,770122309.000
2025-03-26,92.400,94.000,92.400,93.350,7041787,657092536.000
2025-03-27,94.750,96.750,94.650,95.100,12086759,1154662907.000
2025-03-28,95.850,96.100,92.750,93.350,8283141,776924093.000
2025-03-31,91.000,91.150,89.600,89.950,12588557,1134491940.000
2025-04-01,89.850,90.550,88.800,89.000,8077256,722330609.000
2025-04-02,89.300,90.650,88.850,90.000,6173500,554495090.000
2025-04-03,86.950,88.500,86.700,87.800,10418109,913691230.000
2025-04-07,77.200,80.000,74.800,75.500,37411109,2868687833.000
2025-04-08,77.550,79.400,76.400,78.600,27955079,2186227789.000
2025-04-09,74.200,78.750,73.250,77.700,22738319,1738149425.000
2025-04-10,80.250,82.300,78.650,79.550,15470747,1241554570.000
2025-04-11,78.300,80.900,77.350,79.100,16527426,1307393569.000
2025-04-14,83.000,84.900,81.850,82.250,20713059,1718399830.000
2025-04-15,83.050,83.100,81.500,82.300,7382200,606661125.000
2025-04-16,80.550,81.300,79.550,80.500,7466754,600346593.000
2025-04-17,80.150,82.950,80.150,82.550,8012898,659701587.000
2025-04-22,82.100,82.800,81.000,81.750,8238126,673085666.000
2025-04-23,83.800,84.800,83.300,84.200,11595285,975336536.000
2025-04-24,84.250,85.500,83.900,84.350,6784651,573291289.000
2025-04-25,86.100,89.450,86.050,87.600,15200549,1335721667.000
2025-04-28,87.950,87.950,86.400,86.900,6373611,556580342.000
2025-04-29,86.950,87.150,85.500,86.650,10174368,877979042.000
2025-04-30,86.650,87.150,85.400,86.450,7504403,646705059.000
2025-05-02,87.300,88.450,86.150,87.450,6797618,595093599.000
2025-05-06,87.900,88.250,86.350,87.800,7703330,674369463.000
2025-05-07,89.900,91.150,87.300,87.400,9396851,833671361.000
2025-05-08,84.650,86.050,84.400,85.000,12756539,1084468835.000
2025-05-09,84.900,85.000,83.550,84.550,9273696,781074519.000
2025-05-12,86.100,89.950,85.900,88.800,13516489,1191598199.000
2025-05-13,89.000,89.000,86.950,87.300,8256723,723303674.000
2025-05-14,89.000,90.950,87.950,90.800,11139751,1004540517.000
2025-05-15,90.800,90.800,89.100,89.500,6717237,601227082.000
2025-05-16,87.300,88.600,86.850,88.500,7368249,648764464.000
2025-05-19,86.900,87.550,86.350,86.450,9616890,834617890.000
2025-05-20,86.450,87.850,86.300,87.800,5922675,517503875.000
2025-05-21,87.750,87.900,85.400,86.100,13854993,1198443699.000
2025-05-22,84.300,84.300,81.850,82.650,23798653,1970877267.000
2025-05-23,82.450,84.450,82.100,83.100,10238219,853221244.000
2025-05-26,83.000,83.200,81.600,81.900,8023949,659933257.000
2025-05-27,82.000,82.500,81.500,81.850,8216529,672547278.000
2025-05-28,82.550,82.750,81.050,82.600,9016533,739722558.000
2025-05-29,82.450,84.950,82.150,84.800,13646898,1145871958.000
2025-05-30,82.900,82.900,81.200,81.650,22198347,1813700456.000
2025-06-02,80.700,81.650,79.350,81.400,12504152,1006561999.000
2025-06-03,81.550,82.550,81.550,82.100,8704063,714996083.000
2025-06-04,82.100,83.350,81.950,83.050,7212876,598510625.000
2025-06-05,83.700,84.000,83.100,83.950,7817256,654082454.000
2025-06-06,83.950,84.200,83.100,83.600,22718445,1898629844.000
2025-06-09,84.000,86.250,84.000,86.050,17915173,1523321226.000
2025-06-10,86.300,86.800,85.050,85.650,7187868,616195572.000
2025-06-11,85.650,87.300,85.650,86.750,8331244,724273648.000
2025-06-12,85.950,86.600,85.100,85.800,11752747,1011654820.000
2025-06-13,85.600,87.250,84.900,85.250,12069636,1034282097.000
2025-06-16,85.250,85.800,84.450,85.400,7741610,660034944.000
2025-06-17,85.300,85.850,84.750,85.250,4474244,381117174.000
2025-06-18,85.400,85.400,83.250,83.350,5676201,474937715.000
2025-06-19,82.500,83.550,81.600,82.150,8663355,711829604.000
2025-06-20,82.150,82.950,82.100,82.900,9964153,824387757.000
2025-06-23,82.050,83.400,81.650,83.200,4671489,387040618.000
2025-06-24,83.300,84.800,83.300,84.100,7827252,659854738.000
2025-06-25,85.000,86.000,84.650,85.400,5628097,481553009.000
2025-06-26,84.800,86.100,84.750,85.750,5674251,485950525.000
2025-06-27,85.100,85.250,83.600,83.850,9256035,778428681.000
2025-06-30,84.200,84.900,83.050,83.450,7184231,601787631.000
2025-07-02,84.450,85.550,83.350,84.000,6900011,581636153.000
2025-07-03,84.300,85.300,83.850,84.650,5686474,480626703.000
2025-07-04,84.000,87.700,83.400,85.900,8094234,694790805.000
2025-07-07,85.100,86.450,85.050,85.900,4513634,387328434.000
2025-07-08,88.050,89.000,87.600,88.950,8301740,735394989.000
2025-07-09,88.650,88.650,87.550,87.950,6044934,532305742.000
2025-07-10,87.250,87.450,86.150,86.900,6080904,528463733.000
2025-07-11,85.700,88.050,85.700,86.500,10761221,936843785.000
2025-07-14,85.350,85.400,83.100,84.150,10798771,906703997.000
2025-07-15,84.150,87.750,84.050,87.700,11600099,1002010411.000
2025-07-16,91.700,92.100,87.800,88.550,29340217,2628710966.000
2025-07-17,84.600,86.300,84.500,85.600,21122736,1803435756.000
2025-07-18,85.600,86.700,85.400,86.000,8695994,748276606.000
2025-07-21,86.900,87.250,86.050,86.750,6832703,591747664.000
2025-07-22,87.750,88.100,86.400,87.950,6328973,554034934.000
2025-07-23,90.800,93.550,90.350,93.300,29195011,2693923963.000
2025-07-24,91.650,91.650,89.950,90.150,14406199,1303577356.000
2025-07-25,89.400,89.600,88.500,88.600,10840714,962939546.000
2025-07-28,89.100,89.550,88.600,88.950,5665195,503970768.000
2025-07-29,88.050,88.550,86.350,87.250,12056499,1047599261.000
2025-07-30,85.500,86.850,85.150,85.500,11952111,1026764098.000
2025-07-31,85.200,85.750,84.400,84.600,11771258,999382229.000
2025-08-01,85.450,86.900,85.450,85.500,8842974,760445149.000
2025-08-04,85.000,86.200,84.600,86.100,6392483,548110873.000
2025-08-05,86.000,86.250,85.300,86.000,6218451,534037811.000
2025-08-06,85.000,85.500,84.350,85.300,11562906,983391748.000
2025-08-07,85.900,86.900,85.300,86.700,8937496,772232144.000
2025-08-08,85.650,85.900,85.300,85.650,4676356,400234083.000
2025-08-11,86.000,86.450,85.450,85.800,4311007,370466083.000
2025-08-12,84.200,85.400,84.200,84.650,6335615,537240082.000
2025-08-13,86.000,88.150,86.000,88.150,11228426,982139245.000
2025-08-14,88.650,89.450,87.800,87.950,7638871,676323278.000
2025-08-15,86.800,87.350,86.150,87.050,4508044,392161694.000
2025-08-18,88.400,89.700,87.800,87.900,9008161,798372420.000
2025-08-19,88.000,88.350,87.100,87.900,4389636,385670890.000
2025-08-20,87.500,87.850,86.800,87.250,5985250,522416281.000
2025-08-21,85.700,85.700,84.600,85.000,11357026,966691436.000
2025-08-22,85.000,85.750,84.550,85.650,9702525,825720439.000
2025-08-25,88.000,91.550,87.800,91.000,23241007,2098583010.000
2025-08-26,90.550,90.800,89.000,89.350,11748956,1055363942.000
2025-08-27,89.350,90.000,87.000,87.700,11582681,1020414583.000
2025-08-28,87.550,87.550,85.900,86.600,11359934,984293680.000
2025-08-29,87.800,90.450,87.700,89.400,12376800,1105980424.000
2025-09-01,93.800,94.600,92.350,92.850,18998439,1767791205.000
2025-09-02,92.850,93.300,90.800,91.450,10795350,991173823.000
2025-09-03,93.550,94.800,93.200,94.000,15238617,1430006800.000
2025-09-04,95.000,97.100,94.300,96.000,26003609,2488633253.000
2025-09-05,96.450,97.800,95.500,97.000,23904934,2316567339.000
2025-09-08,99.700,109.400,98.500,106.200,59243852,6172862690.000
2025-09-09,106.100,108.000,104.900,106.100,17755071,1884183393.000
2025-09-10,106.000,113.000,105.500,109.100,34198599,3766967514.000
2025-09-11,105.300,107.700,104.000,106.500,19309454,2051449104.000
2025-09-12,110.500,119.700,110.400,115.100,48895090,5625539492.000
2025-09-15,113.800,114.700,111.400,112.300,29010044,3275260775.000
2025-09-16,112.400,114.400,111.700,113.200,20445842,2313213598.000
2025-09-17,121.000,135.400,120.200,131.000,68712957,8897475868.000
2025-09-18,135.000,138.400,130.200,132.800,52096697,7007574120.000
2025-09-19,132.300,135.700,130.400,131.500,39938270,5275635740.000
2025-09-22,131.000,137.700,129.500,135.700,31386000,4242092997.000
2025-09-23,133.000,133.000,125.000,128.400,37353682,4767014458.000
2025-09-24,122.000,130.200,121.300,128.600,30897263,3915671322.000
2025-09-25,129.800,135.900,128.900,131.600,29303977,3881425260.000
2025-09-26,131.800,133.600,128.300,129.100,19436781,2538359183.000
2025-09-29,128.600,131.900,127.100,131.500,20717866,2698780997.000
2025-09-30,131.300,133.400,128.900,133.200,21949003,2880278882.000
2025-10-02,134.300,141.400,134.000,139.200,32306198,4492594662.000
2025-10-03,137.300,138.500,134.700,138.200,15852667,2171292015.000
2025-10-06,136.300,140.900,136.300,139.200,11592776,1614845277.000
2025-10-08,136.800,136.800,131.600,135.000,18307703,2449937418.000
2025-10-09,135.300,135.800,132.400,133.500,11353574,1522816484.000
2025-10-10,130.500,130.500,125.500,125.900,23423109,2977027472.000
2025-10-13,123.000,125.200,118.500,123.200,32886472,4010769660.000
2025-10-14,123.000,124.300,115.500,116.600,28631153,3390478788.000
2025-10-15,116.600,120.300,116.000,119.800,18476424,2190906349.000
2025-10-16,118.100,119.700,116.300,117.800,10520843,1239378932.000
2025-10-17,117.800,117.900,112.100,112.900,21595464,2453833087.000
2025-10-20,118.700,119.000,115.700,117.100,13686923,1597471923.000
2025-10-21,119.200,119.900,117.000,117.500,10838796,1279364511.000
2025-10-22,115.700,116.000,113.300,115.100,8841408,1014343782.000
2025-10-23,113.400,117.300,113.300,116.500,9021329,1043796037.000
2025-10-24,117.600,118.600,116.600,117.800,8257878,972467705.000
2025-10-27,121.400,125.500,120.400,125.100,20028133,2482239886.000
2025-10-28,125.500,126.300,123.200,123.900,12571647,1568792202.000
2025-10-30,123.900,124.900,119.200,120.600,23079802,2809803864.000
2025-10-31,119.300,119.800,117.600,117.600,8843723,1046731574.000
2025-11-03,117.600,119.800,116.300,118.500,9295998,1098876375.000
2025-11-04,119.500,127.000,118.900,121.900,25393211,3143357350.000
2025-11-05,120.000,123.200,117.600,121.600,13778261,1669785281.000
2025-11-06,121.000,124.400,120.200,123.900,13894663,1709660601.000
2025-11-07,125.000,125.800,123.200,124.400,8121268,1007880047.000
2025-11-10,123.600,125.900,123.400,125.800,9714224,1213144865.000
2025-11-11,130.400,132.000,127.900,128.700,14008741,1814315381.000
2025-11-12,128.400,128.400,124.300,126.300,8046245,1013883330.000
2025-11-13,125.300,130.700,125.000,126.200,14638924,1864664098.000
2025-11-14,117.000,118.200,113.900,117.100,27880815,3247182856.000
2025-11-17,114.200,115.500,113.300,113.600,18001313,2056278198.000
2025-11-18,111.500,114.400,110.200,111.400,16832333,1878429580.000
2025-11-19,113.900,115.700,109.600,111.200,18988394,2131591178.000
2025-11-20,114.800,115.500,112.200,113.900,13416876,1524452651.000
2025-11-21,108.500,108.900,105.300,107.300,22834313,2444029461.000
2025-11-24,109.500,112.200,108.800,111.800,19613847,2177409385.000
2025-11-25,116.100,117.100,115.100,116.900,17189402,1998447649.000
2025-11-26,115.800,116.100,114.000,114.500,7950954,914066534.000
2025-11-27,113.000,114.800,112.200,112.700,7797168,882488888.000
2025-11-28,113.400,114.000,112.400,113.800,6457564,732266285.000
2025-12-01,113.700,115.700,113.000,115.600,7220207,830898371.000
2025-12-02,116.400,117.400,115.400,115.700,7848041,909675096.000
2025-12-03,115.700,116.000,114.200,114.600,8488542,975403312.000
2025-12-04,114.600,116.300,112.800,115.800,9132391,1046894904.000
2025-12-05,115.800,124.800,115.100,121.600,30619777,3716070159.000
2025-12-08,125.600,128.000,124.400,125.800,24094829,3040745613.000
2025-12-09,125.800,125.800,120.700,121.400,14041324,1715744672.000
2025-12-10,122.500,123.600,121.200,123.600,12112498,1485400123.000
2025-12-11,123.600,124.000,122.400,123.800,11554484,1425705588.000
2025-12-12,125.000,126.400,124.300,126.000,20097902,2520839751.000
2025-12-15,122.100,122.800,118.200,118.700,17828014,2137202317.000
2025-12-16,116.900,118.000,115.500,116.600,12483711,1452381756.000
2025-12-17,116.000,119.200,115.100,118.600,10105349,1192168298.000
2025-12-18,116.900,118.100,115.800,117.600,6504553,761696498.000
2025-12-19,118.000,120.300,117.400,118.800,14232753,1693761839.000
2025-12-22,119.800,121.300,119.200,120.300,7306929,880272887.000
2025-12-23,121.000,122.000,119.500,119.800,4589165,552842954.000
2025-12-24,119.700,121.800,119.400,119.500,3300034,396913115.000
2025-12-29,121.000,122.600,118.900,119.100,6538567,789342017.000
2025-12-30,122.800,129.700,122.000,129.700,24529796,3127929531.000
2025-12-31,128.700,132.300,128.500,131.500,8860480,1160531457.000
2026-01-02,132.100,144.100,132.000,143.800,33863569,4777560246.000
2026-01-05,145.000,145.400,141.700,143.400,15612486,2238296022.000
2026-01-06,145.900,147.500,144.200,145.900,13689020,2000748563.000
2026-01-07,143.400,146.900,142.000,145.100,13277625,1924328138.000
2026-01-08,143.200,144.100,138.900,140.300,16542018,2319319711.000
2026-01-09,136.800,138.300,135.400,137.400,14762688,2022086892.000
2026-01-12,140.600,144.900,139.000,144.700,18584528,2661351601.000
2026-01-13,147.500,148.000,141.800,142.400,14873790,2139819915.000
2026-01-14,144.700,145.500,142.300,145.100,17905931,2585655148.000
2026-01-15,146.400,147.700,144.700,146.200,14876824,2172136598.000
2026-01-16,145.500,146.900,144.200,145.600,8314631,1208691501.000
2026-01-19,145.600,150.300,144.100,147.400,10419483,1541393422.000
2026-01-20,144.200,150.000,141.400,148.800,20321632,2969584899.000
2026-01-21,148.800,155.400,148.700,153.700,20685107,3174596230.000
2026-01-22,159.500,160.900,157.400,160.000,24877951,3962161664.000
2026-01-23,158.800,161.200,156.800,160.500,14602899,2325719451.000
2026-01-26,157.300,157.800,153.000,155.500,16074339,2488033530.000
2026-01-27,152.900,156.300,152.100,155.200,12361076,1912810425.000
2026-01-28,154.600,156.900,153.600,156.100,13388922,2083826112.000
2026-01-29,154.200,157.700,153.300,155.500,11791593,1834595243.000
2026-01-30,153.600,154.700,152.000,152.800,12159200,1860391539.000
2026-02-02,150.000,151.600,145.100,146.700,18220578,2689229250.000
2026-02-03,146.200,146.200,136.700,141.400,20930448,2951450526.000
2026-02-04,139.900,141.000,136.800,137.200,14225380,1962414253.000
2026-02-05,140.300,141.600,135.400,140.900,23254207,3237560125.000
2026-02-06,134.800,140.300,134.300,137.800,14725784,2034364510.000
